customer_tweet_id,customer_text,response_text,intent_label,label_notes,predicted_intent
2000389,I'm over Apple and the keyboard fucking up o v e r it @115858 get your shit together bro,@591485 We'd like to gather some more information for better troubleshooting. Can you DM us the country you are located in? https://t.co/GDrqU22YpT,keyboard_input,,keyboard_input
1181504,"@397857 @115858 How can an update change battery drain so much? All I know is it does, 3 charges today!",@339803 Thanks for reaching out. DM which iPhone and specific iOS version you are using currently so we can help. https://t.co/GDrqU22YpT,battery_power,,battery_power
2010075,@AppleSupport I cannot change my Apple ID as the verification code is being sent to a closed email address. Help!,@594380 We're happy to help. You can check out this article for steps to try to get your verification code. https://t.co/gZlEJEsNrU,apple_id_account,,apple_id_account
2757530,@AppleSupport seeing a new oddity with iOS 11. Recently reset whole phone and restored a backup. This resulted in a massive improvement from the auto-update (Good). However now sometimes apps won’t load at all and hang on the splash screen. Happens for all apps when it hits.,"@210257 Thanks for reaching out to us about this. We want to help keep your apps running as smoothly as possible. Which exact iOS version are you running? Let us know in DM, and we’ll work with you there. https://t.co/GDrqU22YpT",apps_services,,ios_update_issues
1620586,So I️ think everyone accepted the stupid fucking question mark boxes @115858 except me this shit is annoying,@496674 Thanks for reaching out. We have a workaround for this here: https://t.co/xXaXeeSRt9 DM us if you still need help.,keyboard_input,,keyboard_input
1337287,So @115858 do I have to buy a new line from Apple store to buy iPhone x???  Just want my phone!  Can’t place an order!  Trying to pay $$$ https://t.co/S4nWhtXH5D,"@429342 Our Online Sales Support would be best suited to assist you, you can reach them here:   https://t.co/K0222CJgiB",purchases_orders_refunds,,purchases_orders_refunds
1874494,I’m tired of @115858 having such easily crackable phones. This is the fourth time and it doesn’t matter if I have a case or not,@559595 That certainly is no fun at all. We'd like to look into some options to help you get this sorted. Send us a DM to start. https://t.co/GDrqU22YpT,hardware_accessories,,device_performance
2123864,"@AppleSupport HD camera in my new MacBookPro (2016) is not HD at all. No matter the light, there is always grain on the picture. Is it the hardware problem or is it normal that MBP camera sucks?",@625610 We'd be happy to assist with your Mac today. Send us a DM to get started. https://t.co/GDrqU22YpT,hardware_accessories,,hardware_accessories
2616499,@739051 @AppleSupport I just bought my iphone 6 second hand. I thought it was a dodgy battery because it drained quick. It looks like I'm not the only one. Hmmmm!,"@739969 If you're experiencing issues with your battery life, we want to help. Which iOS version is installed? Also, check out these steps to maximize your battery life: https://t.co/bivpdfBNJ6 If you make changes, charge to 100% and test it out. Let us know how it goes.",apple_id_account,,battery_power
2633110,"@AppleSupport I am experiencing massive #Bluetooth issues with my #iPhoneX. Dropouts with Bluetooth headphones, even #AirPods, spotty connection to Apple Watch Series 3. Highly aggravating. 😔 Any hints what I could do?",@743468 We're here for you. Which version of the iOS are you running? You can check by tapping on Settings &gt; General &gt; About.,connectivity,,connectivity
1151854,@AppleSupport which drops the battery time even if the iphone is in standby. please check and fix,@391064 We want to help. Which version of iOS are you using? Let us know more about this situation in DM. https://t.co/GDrqU22YpT,battery_power,,battery_power
2814797,@115858 your products are junk. My headphones broke within 3 months of purchase with my iPhone 7. I've barely even used it and I'm in a temperate climate. What excuse do you have for such a short lived trash product for that price?!,"@784751 That's definitely not the type of experience we want you to have. We'd like to know more to see if we can help. DM us with what type of headphones you have, along with what country you're currently located in. We'll meet you there. https://t.co/GDrqU22YpT",hardware_accessories,,hardware_accessories
2578723,"Every time I try to type “it”, my phone autocorrects to “I.T” WTF @115858 @AppleSupport. These updates have been pure trash!","@448740 We’d like to look into this with you. To start, please send us a DM confirming which iPhone and software version you’re using. https://t.co/GDrqU2kzhr",keyboard_input,,keyboard_input
2283391,@AppleSupport 3D touch in screen #ios11 isn’t work why?,@610269 We'd love to help. What device are you using? Let us know to continue.,hardware_accessories,,hardware_accessories
1974749,Why does my I️ key keep coming out like the question mark symbol? @AppleSupport,@584795 Let's look into this together. Which device and software version are you using? Please DM us to proceed. https://t.co/GDrqU22YpT,keyboard_input,,keyboard_input
2453292,@AppleSupport I have a IPHONE 7 plus since new download of IOS11 all my voice mail no longer transcribe. I want it back!! What do I do?????,@702856 We're glad you ask. You'll find the steps you need here: https://t.co/FaFf2KILzY,apps_services,,apps_services
1020880,"@AppleSupport I pre-purchased a book in iBooks that should be available now, but iBooks only shows it as bought - can‘t download. Now what?",@361579 Thanks for reaching out to us. We are always happy to help. Send us a DM so we can look into this with you there. https://t.co/GDrqU22YpT,purchases_orders_refunds,,purchases_orders_refunds
2014699,@AppleSupport I downloaded the new iOS and my battery life has become non existent. Pls send help,"@595733 We'd love to help out with this, Daniella. Can you send us a DM with the device you're using and your location? https://t.co/GDrqU22YpT",battery_power,,battery_power
2116232,@AppleSupport my itunes gift card money mysteriously disappeared  from my itunes account?,"@160299 We know how important this is. For more help, please reach out to our iTunes team here:  https://t.co/SDIe7UiyJN",purchases_orders_refunds,,apps_services
1266534,@AppleSupport UPDATE OUR PHONES MINE KEEPS FREEZING WHAT IF IM DYING,@395419 We're here to help! Send us a DM telling us which iPhone you have and the iOS version it's running. https://t.co/GDrqU22YpT,device_performance,,device_performance
898638,"@AppleSupport I’ve tried both, cellular data and WiFi and it’s the latest update",@333383 Thank you. Can you tell us anything you've tried so far to fix this? Any restarts or resets?,connectivity,,connectivity
679934,"@AppleSupport So when the Apple Watch isn't able to control the music app on the phone, is it the watch, or the phone that is failing?",@282227 We'd like to help out. DM us more info and we'll go from there. https://t.co/GDrqU22YpT,apps_services,,apps_services
995133,@AppleSupport why does my music player always appear on my lock screen? I’m not playing music nor is it connected to a Bluetooth device.,@355725 We'd like to take a look at this with you. Let's continue in DM. https://t.co/GDrqU22YpT,apps_services,,hardware_accessories
2448326,"@AppleSupport I just bought an Apple Watch Series 1 and it says I have to update it to the latest software. After many phone and Watch restarts, it keeps getting stuck on either the “Checking for Update...” or the actual update itself. What can I do?","@406104 Congratulations on your new Apple Watch! To update your Apple Watch you’ll want to first be sure that you have a backup of your iPhone and are running the latest iOS version, iOS 11.1.1. This article will walk you through the steps to take: https://t.co/s6t9pl6tpv",ios_update_issues,,device_performance
1800145,"@115858 come February, I’ll be team note 8. I’ve never seen so many glitches. My phone isn’t even a year old! My battery life is horrible too",@540861 We're here to help. We can help look into why this is occurring. Send us a DM with your device &amp; iOS version to get started. https://t.co/GDrqU22YpT,battery_power,,battery_power
270317,Why @115858 won’t let me update my payment. It keeps saying card declined when I have money in my account! #iOS11,@180449 We're happy to help. Let's start here: https://t.co/U96y4MTG7k,purchases_orders_refunds,,ios_update_issues
2856754,"@AppleSupport Thanks, yes I did install the update last night. My texts are glitchy - won't open outside links, can't text photos without going into text message first, etc. Also, phone randomly shuts down around 45F or less.","@794005 Thanks for those details. We'll be sure to do all we can to assist with them all. As far as the random shutdown, are you referring to temperature or battery percentage? Also, did these issues start immediately after the latest update or have they been occurring before? https://t.co/GDrqU22YpT",ios_update_issues,,photos_data
2818594,@115858 needs to get it together. My phone has been freezing since the update.,@785671 Helping you out with this is a top priority for us. Are you noticing that freezing while doing certain things or does it appear to be random? Which specific iOS version are you running? Meet up with us in DM and we'll take a closer look. https://t.co/GDrqU22YpT,device_performance,,device_performance
1013791,@AppleSupport app starts to cycle like its looking for something. Freezes then shuts down. started doing this with the last iOS upgrade. I don’t have time,@359879 Is it the Apple Watch app that is cycling or the Nike+ Run Club app? Did it work prior to the update?,ios_update_issues,,device_performance
2925619,"@AppleSupport Updated my new 2 days old ipad pro to 11.1.2. 
FaceTime quality has dropped remarkably. Person on the other side says image looks blurred, as if a glass is placed on camera. When I FaceTime using iphone X using the same wifi, there is no issue. Is this a ios bug?",@809484 We want to help address this concern with FaceTime video quality. Send us a DM using the link below and we'll research this further. https://t.co/GDrqU22YpT,ios_update_issues,,photos_data
1441471,@116333 APPLE CANCELLED MY IPHONE X PREORDER .HELP ME,@454438 For help with your iPhone X order reach out to our Sales team here:  https://t.co/8yjRd1Xo0i,purchases_orders_refunds,,purchases_orders_refunds
2282253,Hey @AppleSupport is it a known issue that when the 2016 Macbook Pro Touchbar users that when the Macbook heats up the keyboard starts sticking?,"@628918 We'd love to help! We haven't heard that one before, but we'd love to know more. DM us more details, including which version of the operating system your MacBook Pro is running, and we'll get started. https://t.co/GDrqU22YpT",hardware_accessories,,keyboard_input
1888619,"@AppleSupport even on ios 11.1 beta 4 my music (applemusic, spotify etc.) stops when im using 3d touch or another app. Thanks for fixin soon",@563224 Thanks for reaching out. Which device are you using? Let us know via a DM. We’ll keep moving forward from there. https://t.co/GDrqU22YpT,apps_services,,ios_update_issues
1109546,@115858 issue with the iOS update. Laggy and unresponsive on screen at times. Will stall and freeze. Please fix.,"@381844 You’re in the right spot, and we’d love to team up with you on this. To begin, are you using iOS 11.0.3?",device_performance,,device_performance
366986,@115858 I was charged for a subscription that I canceled the same day I accepted the free trails why was I charged?,"@202924 If you are seeing an unexpected charge, you can get help with that here:  https://t.co/SDIe7UiyJN",purchases_orders_refunds,,purchases_orders_refunds
1833596,"@115858 @118936 @AppleSupport my phone is constantly freezing whenever I open any apps and I can’t search the App Store, it times out!","@550037 We'll be happy to look into this with you. Send us a DM with the iOS version your iPhone is running, and we'll go from there. https://t.co/GDrqU22YpT",device_performance,,device_performance
124421,Thanks apple for your latest updates I can’t open my music app @AppleSupport @115948,"@143868 Hi there. Let's get your music flowing through again. Try the steps in this article to see if they help: https://t.co/3WF5Z1DBGa

Still having issues? Shoot us a DM here: https://t.co/GDrqU22YpT",apps_services,,apps_services
1211806,"No apps in new iTunes, and iOS App Store did away with wishlists. @115858, are you telling me you don’t want me to buy apps anymore? WTH?",@404424 We certainly want to hear your feedback. We welcome you to officially submit that here: https://t.co/eTPVYVFyd8,apps_services,,apps_services
333252,Anyone else having trouble after latest @115858 update? Blue tooth loves to turn itself on and WiFi connection is constantly dropping.,"@195375 Thanks for reaching out. Which iOS device are you having this issue on? Let us know, we'd like to help.",connectivity,,connectivity
810359,"@AppleSupport Love iOS 11 on iPad, it makes my iPad like Mac.But the battery issue need to be fixed.My iPad is Air 2,and iOS version is 11.0.2.",@320982 Check out if you have the update for iOS 11.0.3 available. We released it the other day. Try the update and see if it helps.,battery_power,,battery_power
2975706,@AppleSupport Ever since the last recent iOS update my iPhone 6s randomly becomes very slow and reboots. Why is this happening?,@820675 We can help out with this issue. Let's get together in DM to go over a few details and steps. Send us which iOS version is showing in Settings &gt; General &gt; About with the following link: https://t.co/GDrqU22YpT,device_performance,,device_performance
1204160,@AppleSupport my new iPhone 6s battery is useless. Fully charged last night and now in low power mode! Hardly used and no Apps Open!!,@402872 We want to make sure your battery is working at its best. Have you tried any of these tips yet: https://t.co/bivpdfBNJ6,battery_power,,battery_power
873948,"Hey @AppleSupport, the update to the podcast app seems to have added a click or two to the process of actually playing a podcast 👎",@327479 Thanks for reaching out! We'd recommend leaving feedback about it on our feedback page: https://t.co/eTPVYVFyd8,apps_services,,apps_services
1954372,@AppleSupport IPhone 6 - Lag and touchscreen problems after ios 11.0.3,@580156 Thanks for reaching out to Apple Support. We can take a look at these together. Meet us in DM and we'll get started. https://t.co/GDrqU22YpT,device_performance,,ios_update_issues
2296203,"@AppleSupport , setting up iPhone X as new mobile under existing Apple ID.  End result: Apple ID got locked out without at anytime mistyping password. Later forced to change password and naturally laptops, all devices need to have password changed as well. WHY?????","@258320 We want to help with this Apple ID issue. Just to make sure we fully understand, are you having to change your Apple ID password each time or are you just needing to update your password?",apple_id_account,,apple_id_account
2140986,Hi @AppleSupport. I️ have an issue when I️ type the letter I️. Just saw it on a friend’s message. Screenshot below. Can you help? https://t.co/LLZxw7CoPV,@629590 Here’s what you can do to work around the issue until it’s fixed in a future software update: https://t.co/xXaXeeSRt9,keyboard_input,,keyboard_input
2060791,Aftr t new app update @4305 doesn't show notifications until I open the https://t.co/srWvNzKJrn @AppleSupport,"@609490 Which device and version of iOS 11 are you using? Check Settings &gt; General &gt; About, and let us know in DM. https://t.co/GDrqU22YpT",apps_services,,hardware_accessories
35988,@AppleSupport I bought an Apple Watch just over a wk ago &amp; already the screen is very badly scratched.I really dont think it’s fit for purpose. #nothappy,@585492 We'd like to look into this with you. DM us which model and size Watch you have and the country you're in. We'll go from there. https://t.co/GDrqU22YpT,hardware_accessories,,hardware_accessories
665837,@AppleSupport And i don't know why it did not charge it's the first time it does that..,@278602 We're happy to assist. Which iOS version are you currently running? Go to Settings &gt; General &gt; About for the version.,battery_power,,battery_power
2043931,"@AppleSupport your iOS 11 update is absolutely dreadful, makes everything slower and causes some apps to freeze, it feels like a Nokia 3310.","@202408 We're happy to take a look. Which iOS device are you currently using? DM us your response, and we'll take it from there. https://t.co/GDrqU22YpT",ios_update_issues,,ios_update_issues
1522739,I took such a nice snap and then my phone froze. @115858 I hate your new iOS. Fix. It.,"@473179 We'd love to help. To start, send us a DM and we'll continue together there: https://t.co/GDrqU22YpT",device_performance,,device_performance
2422609,@AppleSupport how y’all gonna release an update that doesn’t have a fix for that stupid question mark thing?? FIX IT,"@306294 We've released a fix for this issue in the latest iOS version which is iOS 11.1.1. To install this version, make sure to create a backup and update using the steps here: https://t.co/80YRnjDFDk",keyboard_input,,keyboard_input
1270262,"@AppleSupport HELP!! using v11.03, deleted unused apps, I’ve deleted pics from phone but bloody phone keeps freezing &amp; turning itself off 😡",@417406 We'd be happy to assist with your iPhone today. Send us a DM to get started. https://t.co/GDrqU22YpT,device_performance,,device_performance
284411,On god my apps have never crashed this much in a short span of time...@115858 y’all need to fix iOS 11 smh,"@183741 If you're having issues with app crashing, we can help with that. To clarify, which version of iOS 11 are you running?",ios_update_issues,,ios_update_issues
2381388,@AppleSupport I need help trying to get my account back on my iPod 4,@686592 We'll be happy to do what we can to assist. Are you unable to login into your Apple ID on your iPod? Are you able to use your iPod at all? Let's dig into this further over DM: https://t.co/GDrqU22YpT,apple_id_account,,apple_id_account
2726046,"@AppleSupport, @104532 has asked me to contact you regarding a refund which you’re refusing to honour. Please can you help?",@583067 We can get you pointed in the right direction. Send us a DM with more information on the refund to get started. https://t.co/GDrqU22YpT,purchases_orders_refunds,,purchases_orders_refunds
2286749,"@AppleSupport Restarting didn't help, but connecting to iTunes did. Now on iOS 11.1.1 Thanks.",@384159 Fantastic! Thanks for keeping us posted. Feel free to reach out if any questions come up.,ios_update_issues,,ios_update_issues
2558616,stop automatically putting my wifi &amp; bluetooth on @115858,"@726342 We're here for you. To turn off Wi-Fi and Bluetooth, follow these steps: To turn off Wi-Fi, go to Settings &gt; Wi-Fi and turn off Wi-Fi. To turn off Bluetooth, go to Settings &gt; Bluetooth and turn off Bluetooth. You can read more about this here: https://t.co/G7BHuQnDS6",connectivity,,connectivity
767422,@AppleSupport iPhone 7 Plus battery draining and iPhone 6 Constantly freezing and switching off since I updated to iOS  11.0.2 #apple #iOS11,"@303408 Battery life is critical to your iPhone experience, and we want to assist. DM us to get started. https://t.co/GDrqU22YpT",ios_update_issues,,battery_power
1489568,@AppleSupport CAN tou fix slow keyboard since thé last udapte it s horrible,@465971 Thanks for reaching out. DM which iPhone and specific iOS version you are using to get started. https://t.co/GDrqU22YpT,keyboard_input,,keyboard_input
2237361,When you gonna fix this question mark box bull shit? @115858 @AppleSupport,"@652432 An update has been released to assist with this issue. If you haven’t yet, please back up your device and update it to iOS 11.1.1. For more info, check out: https://t.co/4f8hwT5to6",keyboard_input,,keyboard_input
2949592,@AppleSupport When will we get the TV app in the UK?,@297650 We appreciate your interest and encourage you to stay up to date on Apple news here: https://t.co/BDV9MUC2p5,apps_services,,apps_services
2062112,@AppleSupport when can we expect a solution to faster battery drains with ios11 and its successors..?Seems Apple is helpless in this regard!,@609858 Let's work on this together. Please join us in DM and let us know which iOS version is installed on your iPhone to get started. https://t.co/GDrqU22YpT,battery_power,,battery_power
449438,@AppleSupport I can’t sync up with anything,"@221513 Which devices are you having problems connecting to? Also, you may be able to view those photos in https://t.co/tmRhWEkIq4.",apps_services,,photos_data
2072072,IOS 11 has ruined my battery life 💔I hope @AppleSupport fixes this with the next update,@612839 We'd be happy to look into this with you more in detail. Please reach out to us via DM and we'll get started. https://t.co/GDrqU22YpT,battery_power,,battery_power
2734134,Wow I really just love when my battery is almost full but then I use @917 a few times &amp; it makes my phone crash and restart and wipe my battery down to 10% it just makes my day thanks @115858 I love iPhones 😊😊😊😊😊😊😊😊😊😊😊😊😊😊😊😊😊😊😊😊😊😊😊😊😊😊😊😊😊😊😊😊😊😊,@766322 We want to help. Reach out via DM and let us know what version of iOS you have installed. You can check by tapping Settings &gt; General &gt; About. https://t.co/GDrqU22YpT,battery_power,,battery_power
1168589,"iOS 11.0.3 has killed WiFi, even more unstable and more restarts than the last update 🙄 sort it out @AppleSupport last few have been a joke",@394874 Thanks for reaching out. We're here to help. DM us so we can look into this further with you. https://t.co/GDrqU22YpT,ios_update_issues,,ios_update_issues
2147725,Yo apple is doing the whole “I️” so we get ignorant and stop typing in complete sentences.. you’re not fooling anyone @115858,@253381 Here’s what you can do to work around the issue until it’s fixed in a future software update: https://t.co/xXaXeeSRt9,keyboard_input,,keyboard_input
565023,"@AppleSupport Mail app on the phone where you can add various emails. I’m with att, sbcglobal and https://t.co/cN8EKPoDfo extensions. I’ve had these for years on various iPhones. Noticed the delays the last several several months (6 maybe) on WiFi or not.","@252374 Are you using both SBC and AT&amp;T emails? If you have a computer, we'd like you to trying sending and receiving through their webmail pages to see if the delay still happens. Thanks.",apps_services,,apps_services
1100844,"@AppleSupport Hi, what’s this at my credit card extra? Why am I charged? Could you please help me? https://t.co/yiE0hUoTgG",@211150 Hey there! We're here to help. Is this an email that you received about this charge on your Apple ID account?,purchases_orders_refunds,,purchases_orders_refunds
963353,HOW COME MY GIFS ARENT WORKING WHEN IM ON DATA @AppleSupport,@348621 Send us a DM and let us know how they aren't working. We'll see if we can figure it out together. https://t.co/GDrqU22YpT,connectivity,,photos_data
2051989,Please @AppleSupport @115858 fix the battery issues in the iPhone 6S with iOS 11 pleaseee 😭😭😭😭😭,"@606853 Which version of iOS 11 are you using? Check Settings &gt; General &gt; About to find out, and let us know in DM. https://t.co/GDrqU22YpT",battery_power,,battery_power
2076419,"@614107 @115858 Literally! My phone keeps freezing and I have to keep hard resetting it, proper annoying","@614106  If you are having issues with your iPhone, we'd love to help. Please let us know in DM which iOS version you have installed. https://t.co/GDrqU22YpT",device_performance,,device_performance
1805815,"@115858 what is the procedure for degrade ios from 11 to 10..??

As your ios 11 is pathetically stupid &amp; bugicious😂","@542587 That's a great question. Returning to a prior iOS isn't support. For troubleshooting, let us know what's going on in a DM. https://t.co/GDrqU22YpT",ios_update_issues,,ios_update_issues
243305,"@118936 @115858 @AppleSupport @2310 battery draining like hell on ios 11 i phone 6s 
Plz check this. 🙏",@173776 Hi. We're here to help you. DM us and we can take a closer look. https://t.co/GDrqU22YpT,battery_power,,battery_power
2792066,"@115858 1yr old $3k laptop should be able to handle Chrome and a second program without freezing or crashing EVERY DAY. Giving you one more chance (""upgrading"" to 15"", gag), then lifelong Apple die-hard goes to PC. And will expect a refund.","@779232 We're happy to work with you in resolving any issue you have with your Mac. Please meet us in DM, and we'll work together. https://t.co/GDrqU22YpT",device_performance,,device_performance
2647130,My iPhone is stating to heat up when it’s just sitting there. Thanks @115858 for the hot fire update to ruin my phone......again,@746848 We’d be glad to look into this with you. Can you start by confirming in a DM if you ever see a heat warning? It is normal for the iPhone to heat up and will shut off and show a warning if it detects the heat is too strong. https://t.co/otCvUAaFQq https://t.co/GDrqU22YpT,ios_update_issues,,battery_power
1185829,Dear @115858 - your software updates used to make phone better- now they make it worse. Too much phone freezing and crashes. #whathappened,@398834 We certainly want to help you with these issues! This article has steps that may fix them: https://t.co/8MvHMFZ83h,ios_update_issues,,device_performance
1689399,To the @115858 battery ghost secretly turning on our bluetooth over and over again: PLEASE stop #iOS11,@512941 We'd like to help. Could you elaborate on what's happening with your bluetooth?,ios_update_issues,,ios_update_issues
2438567,@AppleSupport Sure. iPhone 6 was working great. Updated since iPhone 8 came out with new software and now it is extremely slow and painful,"@699457 Thanks for getting back to us. Let's get to the bottom of this. 

Are you noticing it running slower when using any apps, or does it seem system-wide? What is the exact iOS version you see in Settings &gt; General &gt; About?",ios_update_issues,,device_performance
609280,"@AppleSupport Left iOS beta program, deleted profile from phone. Still getting beta updates and not 11.0.2  Help please?",@264836 We'd be happy to review this for you. Please DM us and we'll go from there. https://t.co/GDrqU22YpT,ios_update_issues,,ios_update_issues
403562,why did my entire camera roll just randomly completely clear then restore? and why is a vid from june is the most recent item? @AppleSupport https://t.co/aTvndqZau0,"@211517 Do you use the iCloud Photo Library? Let us know via DM, then we can work with you on this from there. https://t.co/GDrqU22YpT",photos_data,,hardware_accessories
1684529,@115858 fix yalls damn keyboard,"@511921 We'd like to hear more about what's happening with keyboard. Also, which device are we working with?",keyboard_input,,keyboard_input
2948214,@AppleSupport I’ve hard to hard restart my computer 6x in last two days since I updated to High Sierra. Adobe was first issue. Now finder is crashing and won’t relaunch. How about an update to fix all of the bugs in High Sierra please? I refuse to update my personal computer because of this.,"@794277 We know how important your Mac is to you, and we'll do all we can to help. To get started, let us know the exact version number of High Sierra that's installed via DM: https://t.co/GDrqU22YpT",ios_update_issues,,device_performance
208261,@AppleSupport On my MBP with Yosemite I can’t update any app nor download new because verification always fail. How do I turn it off?,@304181 We've got your DM and will continue there shortly.,apps_services,,apple_id_account
1925568,"iOS update seems to have killed my battery, any ideas why @AppleSupport #ios #apple #iPhone6",@573133 Help is here! Let's meet in a DM and check a few things together. We want your iPhone to be ready when you need it. https://t.co/GDrqU22YpT,battery_power,,battery_power
2913288,@AppleSupport I did not back up before updating. Yes i have a macbook,"@806472 OK, let's try to force re-start it.  Here's how:  https://t.co/o7nB3pXfMv",apps_services,,photos_data
2072314,@AppleSupport I can’t disable &amp; delete Siri from my iCloud. It just does nothing...,@498109 We want to help. Please DM us which device and OS you're using iCloud on and more details on how you're attempting to disable Siri. We'll work with you there. https://t.co/GDrqU22YpT,apple_id_account,,apps_services
1567544,@AppleSupport No I’m just so let down by @AppleSupport  And your ‘senior advisors’ all my iCloud has been deleted after 6 years and no one is helping,"@483737 We’d like to look into this further with you. Join us in DM using the link below, and we’ll take it from there. https://t.co/GDrqU22YpT",apple_id_account,,photos_data
513657,"Naranasan niyo po ba yung magcrash lahat ng apps kahit cam roll, like within 1-2mins of using tapos magsshow yung 1st and 2nd photo. Tapos init agad phone HUHU PLS HELP @AppleSupport https://t.co/tSxV6rxJbo",@238229 We offer support via Twitter in English. Contact us for help in your preferred language here: https://t.co/IBIY3vMgPj,apps_services,,photos_data
712078,@115858 this damn IOS sucks. If I’m listening to a podcast and turn volume up it goes to music. And vise versa... TERRIBLE,"@290289 We want to help out! When you change the volume in the Music app, does the Podcast app open?",apps_services,,apps_services
661610,@AppleSupport iOS 11 make my battery die! 😭😔 - IPhone 6s,"@716739 Battery life is important, and we're here for you. To get started, send us a DM with the exact iOS version your iPhone is running. We'll meet you there. https://t.co/GDrqU22YpT",battery_power,,battery_power
956058,@115858 love it when my headphones break + fuck up my phone so i cant listen to a song without wnating to throw jt at a fucking wall,"@346848 That doesn't sound good. We'll do all we can to help. To get started, please connect with us in DM here: https://t.co/GDrqU22YpT",hardware_accessories,,hardware_accessories
457176,@AppleSupport version 11.1.2 It started out of nowhere i did the update and it was fine and then all of a sudden it started autocorrecting it to tha\t’,@223545 Thanks for that information. Let's go ahead and Reset Keyboard Dictionary by going to Settings &gt; General &gt; Reset &gt; Reset Keyboard Dictionary. Restart your iPhone after that and let us know if that fixes the issue.,keyboard_input,,keyboard_input
2838680,"Every #iOS upgrade brings with it fresh problems and user-unfriendly changes. Why does my lock screen now have ""Apple Music"" on it with a play button center screen? I can't get rid of it! Help me @AppleSupport !","@330288 Let's look into this together to determine what's going on. To clarify, which version of iOS do you have installed? You can check under Settings &gt; General &gt; About. Also, is your Music app running in the background?",apps_services,,hardware_accessories
2298606,The iPhone update sucks ass. Phone worked fine and now it’s trash @115858 @AppleSupport,@667221 What kind of issues are you having since the update? We'd love to help out.,ios_update_issues,,ios_update_issues
282529,@115858 @116333 I urgently resolve the problem with my iPhone. 📱 Contact ID: 100314535803,@183304 We'd like to look into this. Send us a DM to continue. https://t.co/GDrqU22YpT,other_unclear,,photos_data
216133,@115858 @AppleSupport how come I get my phone replaced with a new iPhone 7 and everything is here but my photos and my brother bought a iPhone X and had the exact same problem,"@167384 We want to help you get your content transferred to your new phone without issues? How did you set up the new phone, did you restore from a backup?",photos_data,,photos_data
2619794,"Since the new update, my phones going so slow, stuttering and stalling 😩😩 @AppleSupport",@740296 We’d like to help get this taken care of. Can you let us know what apps hang the most via DM? All the details you share are important to help us determine where to get started. https://t.co/GDrqU22YpT,ios_update_issues,,device_performance
1933305,Hey @115858. Fix your iOS. Bluetooth is supposed to work.,@575292 We want to assist you with any Bluetooth issues you're experiencing. Please meet us in DM so we can help you out! https://t.co/GDrqU22YpT,connectivity,,connectivity
1402935,Same day the iPhone X is released my 6s+ can’t hold a charge and won’t recognize my camera... come on @115858,@446179 We're here for you. Please DM us the country you're in and we can go from there. https://t.co/GDrqU22YpT,hardware_accessories,,hardware_accessories
336650,@AppleSupport TV4 x 2. 1 accepts @798.com address for iCloud and 1 switches to @1113.com address once I log in. @798 shows HOME and @1113 doesnt,"@196310 Let's take a look at this. The @798 / @1113 / @1112 addresses are interchangeable. That is, you can use any one of them.",apple_id_account,,apple_id_account
511171,"What’s up with iOS 11, @AppleSupport? IPhone 7 Plus rendered unusable after the update.",@237488 We want to help. What issues are you experiencing with your iPhone?,ios_update_issues,,ios_update_issues
709071,Am I the only one whose phone is burning up now that I’ve updated my software to the latest version of iOS? @AppleSupport,"@289536 We want you to be able to enjoy your iPhone; we'll do all we can to help. To start, let's connect via DM: https://t.co/GDrqU22YpT",ios_update_issues,,ios_update_issues
1839657,@AppleSupport yo your new update has literally ruined my 7 . why? why??,@551333 Thanks for reaching out! What kind of issues are you having after updating? Let us know in DM so we can assist you with them. https://t.co/GDrqU22YpT,ios_update_issues,,device_performance
150048,@AppleSupport why is my clock or notifications not coming up on my lock screen?,"@150215 Hey there. We'll be happy to look into this with you. To start, send us a DM with the device you're experiencing this on and the iOS version it's running. We'll continue from there. https://t.co/GDrqU22YpT",apps_services,,hardware_accessories
1073383,@AppleSupport can you provide an update to fix how much my battery drains when it's unplugged?,@373270 We'd like to look into this with you. DM us and we'll continue from there. https://t.co/GDrqU22YpT,battery_power,,battery_power
287455,@AppleSupport iOS 11.0.2 has made my iPhone overhear and browser slow as hell. My battery drains faster than ever.  Fix this pls,@184503 Hi. We're here for you. DM us and we can take a closer look. https://t.co/GDrqU22YpT,battery_power,,battery_power
1620547,@AppleSupport Ever since I updated to #iOS11 my iPhone 6s has been losing wifi connection. I’m having to reboot 5/6 times a day grrrrr,@496661 We're glad to help. Let's try following this article and let us know if it helps: https://t.co/sXbhzfS2lM,connectivity,,connectivity
1805430,"@AppleSupport the last update deleted most of the contacts out of my phone. Why did it do this,how do I fix it?",@542470 Let's work together to see if we can get those contacts back. DM us the iOS version currently installed and we'll go from there. https://t.co/GDrqU22YpT,photos_data,,photos_data
768168,My iPhone does nothing but freeze since doing the new update 😡😡😡😡 @115858 @AppleSupport,@303465 We want to help. Which iPhone model do you own? Are you using iOS 11.0.2? Is it a specific app or action causing this?,ios_update_issues,,device_performance
2434654,"@AppleSupport Yep let me in but wouldn’t show iTunes music purchase, I found it a few weeks back but can’t remember where or how to check from iPhone",@364055 The report a problem website will allow you to see your purchases from the past 90 days: https://t.co/7LU2nj59FH,purchases_orders_refunds,,apps_services
827906,my Apple Music hasn’t worked since I got the newest update...what’s goin on @115858,@317222 We're here to help! Send us a DM with details on what you are experiencing to continue. https://t.co/GDrqU22YpT,apps_services,,apps_services
373380,@AppleSupport It occurs on any track of any song on Apple Music in general. I also have my account sharing it with my MacBook,"@204478 Got it. Is this happening on both Wi-FI and cellular data, or just Wi-Fi?",apps_services,,apps_services
1745981,".@AppleSupport why does my screen say this but, I’ve been charged. Yes all is up to date. Yes log in correct. One heck of a month w/@115858 https://t.co/TyEQDLvtcX",@348889 For help with your subscriptions you can contact our iTunes Store support team here: https://t.co/SDIe7UiyJN,purchases_orders_refunds,,purchases_orders_refunds
1342772,"Yoooo @AppleSupport ever since the update my WiFi wants to work every now and then! Everything else in the house works, my phone doesn’t! https://t.co/FkzUM8byoF",@433168 We're here to help. Can you give us some more details? Is it connected to your network and just not getting internet access?,connectivity,,connectivity
2283108,"@AppleSupport Hi, I just wanted to find out what ssd drives I can use on my MacBook Pro 2015 as my current one is water damaged","@322320 We'd like to research some information about your device. Would you mind providing us with its serial number? You can find it by navigating to: Settings &gt; General &gt; About, or it shoudl be located on the bottom of the Mac.",hardware_accessories,,keyboard_input
1133615,@AppleSupport so how do I go about getting use of my camera back after doing the update 😀😀😀😀😀😀😀😀😀😀,"@387111 We'll help out. Are you unable to use both the front and rear-facing cameras? What iPhone model, iOS version?",ios_update_issues,,hardware_accessories
2199279,@AppleSupport icloud is down?? can you please advise when you expect it to be back online?,@643248 Everything is up and running: https://t.co/7NVrDovSd8 Reach out via DM and let us know what's going on. https://t.co/GDrqU22YpT,apple_id_account,,purchases_orders_refunds
2577100,@AppleSupport When will you guys completely fix this question mark thing? https://t.co/FDW8WaQkcZ,@730715 We released an iOS update that can fix the issue that occurs when you type the letter i. Are you seeing the characters when you type the letter i or are you seeing it on social media or another app when someone else types it?,keyboard_input,,keyboard_input
2901898,@AppleSupport iPhone X freezes when opening the phone app and visual voicemail doesn’t work on EE. Very poor,@541598 This is not the experience we want you to have with your new iPhone X. In order for us to better assist you please send us a DM with your iOS software version and more specifics of the issue; we'll assist from there. https://t.co/GDrqU22YpT,apps_services,,device_performance
1011804,@AppleSupport  Are the EarPods with 3.5mm Headphone Plug the same as the ones that come with the  iPods 5th Gen,@359403 They are. The EarPods that came with the iPod touch (5th generation) had the 3.5mm connector.,hardware_accessories,,hardware_accessories
2712604,Huge #Fail by @115858 and @266097. Impossible to cancel auto renew subscription and get anyone to contact for help. Suggestions on how to CXL? Will person in Apple store be able to do it?,@761566 Hi there! Sorry to hear you're having issues canceling. Did you sign up for the service through Apple?,purchases_orders_refunds,,purchases_orders_refunds
2255501,"@AppleSupport It’s not a specific app. When out in the cold, typing just freezes up.",@270566 Temperature does play a factor. Learn more about operating temperatures for our devices here: https://t.co/otCvUAaFQq,keyboard_input,,keyboard_input
1202887,@AppleSupport As soon as I updated IOS my phone is slow and the camera doesn’t work.,"@402597 Would that be with the front or rear facing camera? Tell us more about this in a DM, we'll continue on from there. https://t.co/GDrqU22YpT",ios_update_issues,,device_performance
862723,"@115858  plan on fixing all these bugs since the update? ANYTIME a new phone comes out, my perfectly fine old one starts messing up🙄",@324855 We want you to enjoy the new features of iOS 11. What are you experiencing since updating? Have you updated to iOS 11.0.3?,ios_update_issues,,device_performance
1010562,Does anyone have a workable way of getting photos from an iPhone6 to an iMac that actually works or have @115858 really turned to shit?,"@359128 We can help. There's a few options for importing photos: https://t.co/KaRBU8jg1j For more, connect here: https://t.co/IBIY3vMgPj",photos_data,,photos_data
1466146,i️ haven’t even updated and that “i️” autocorrect is already ruining my life what the fuck @115858,@460304 We want to help. DM us and we'll continue there. https://t.co/GDrqU22YpT,keyboard_input,,keyboard_input
1020991,@115858 -  Apple TV is now unusable. Password verification is buggy and stupid. Wasted hours of a beautiful day trying to jump thru hoops. FU,"@361603 We'd like to get you pointed in the right direction. For Apple TV support, reach out here: https://t.co/IBIY3vMgPj",apple_id_account,,apple_id_account
2113794,"I lost over a 100 contacts when I reset my phone cause apparently not all of them saved into iCloud 🙃
sos @AppleSupport",@528354 We'd like to help with this. Were the contacts saved on the iPhone itself or with a different account?,photos_data,,photos_data
2575360,"@AppleSupport Any idea why does my iPhone 7 volume keeps turning itself down/off?
It started since #ios11 upgrade.","@730288 Thanks for reaching out. We can definitely look into this further with you. Can you tell us when you notice this behavior? Is it happening with notifications, music or while you're watching videos? 
Are you using headphones or a Bluetooth device when you notice this?",ios_update_issues,,ios_update_issues
1478046,My phone keeps changing the letter I to weird symbols so i had to turn off autocorrect sos pls help @AppleSupport !!!!,@463205 Thanks for reaching out. We're here to help. DM us so we can look into this further with you. https://t.co/GDrqU22YpT,keyboard_input,,keyboard_input
1336312,"@AppleSupport 
I made a mistake and I ordered twice. how to cancel the first order","@380998 Oops! We understand, things happen. Reach out to our Sales team and we'll sort it out: https://t.co/l9vC3IRh4z",purchases_orders_refunds,,purchases_orders_refunds
324566,@115858 I did the iOS11 update (have iPhone 7) and now my battery life is worse then the iPhone 5.  What happened?  @AppleSupport,@193319 We want to look into your battery issue with you. DM us using the link below. https://t.co/GDrqU22YpT,battery_power,,battery_power
1768174,"After crashing during upload to shared albums, #ios11 photos takes up lots of storage. @AppleSupport : Any way to fix this while en route? https://t.co/rCg1D9aJzA","@531633 We're can help. To confirm, you were uploading photos to a shared album and it is showing higher usage then it should. Correct?",photos_data,,ios_update_issues
1889704,@AppleSupport since iOS 11.0.3 my SIM card isn’t accepted anymore... thought it was only me but almost all of my friends got the same prob,@563542 You're in the right place for help. Let us know in a DM the country in which you're located to get started. https://t.co/GDrqU22YpT,connectivity,,ios_update_issues
1648457,alright @115858 you better fix your shit cause it’s really pissing me off that i️ can’t type the letter i️,@503599 Here’s what you can do to work around the issue until it’s fixed in a future software update: https://t.co/xXaXeeSRt9,keyboard_input,,keyboard_input
1640295,Hey wtf @AppleSupport why can’t I️ see the capitalized letter “i”?!?! I️t shows up as boxes and a question mark https://t.co/IHN5Favkx3,@166037 Here’s what you can do to work around the issue until it’s fixed in a future software update: https://t.co/xXaXeeSRt9,keyboard_input,,keyboard_input
1339730,@AppleSupport how can I make a hidden photo album !?,@432493 That's a great question for our Photos experts. You can reach them here to get started:  https://t.co/IBIY3vMgPj,photos_data,,photos_data
2025614,"@AppleSupport 
Since couple of hours, my iPhone stucks after entering the (4) last digit for passcode. It stucks and reboots.","@599020 We know how essential it is to be able to unlock and use your iPhone. To confirm, the iPhone restarts on its own? Please DM us: https://t.co/GDrqU22YpT",device_performance,,device_performance
1091365,@AppleSupport when is new update coming out to reverse the update that’s ruined peoples phones? Apps n data freeze.,@377500 We'd like to hear more about what's happening with your iPhone. Please send us a DM. https://t.co/GDrqU22YpT,ios_update_issues,,device_performance
511113,@115858 iphone 8+ charger sucks.  Barley had for two weeks and cable is already tearing.,@237470 We'd like to help with your iPhone charger. Send us a DM with your country and we'll review your options. https://t.co/GDrqU22YpT,hardware_accessories,,hardware_accessories
1151865,@AppleSupport how many iPhone X can I preorder on Friday?,@391067 Thanks for reaching out! We recommend checking with our Online Sales Support Team for more help: https://t.co/8yjRd1Xo0i,purchases_orders_refunds,,purchases_orders_refunds
2288429,"@115858 screenshot get crash ,wifi get disconnected automatically ,video stop in between ,recent apps become blank ,and many more",@664847 We are happy to help. Where are you seeing these issues?,ios_update_issues,,connectivity
1160692,@AppleSupport trying to install #HighSierra and this progress screen haven’t moved/changed in 30+ minutes https://t.co/A1yt35qiYi,"@393076 We can assist you. Please DM us via the following link, and we'll help you from there. https://t.co/GDrqU22YpT",ios_update_issues,,hardware_accessories
2893350,"Наконец удалили лишние документы в Icloud. Только звонить туда надо, самому не удалить. Спасибо @AppleSupport. https://t.co/krzWqOcmEz",@801928 We offer support via Twitter in English. Contact us for help in your preferred language here: https://t.co/IBIY3vMgPj,apple_id_account,,apple_id_account
1153873,@AppleSupport my phone is so slow so the new iOS update? Only on text messages though? Why is this?,@391476 We understand how important your Messages app is. Does this happen when you compose a new text message? Have you tried restarting?,ios_update_issues,,apps_services
2410123,"This is my third charger for my MacBook Air in the last 3-4 years. Broken again. Either cut costs from $99 to $49, or send me another replacement. This'd my 4th charger, paying just about $400 in power cords. Sick of paying $100 for something that last a year or so.
@AppleSupport",@692948 Let's look into this power adapter issue for you. Send us a DM and we can go over some options. https://t.co/GDrqU22YpT,hardware_accessories,,hardware_accessories
2052648,"@AppleSupport any help? My iPhone 6s battery has been awful since the iOS 11 update.
60% charge after 1 hour of usage. What a joke.",@607050 Thanks for reaching out to us. We'd like to help you and look into this further. Please DM us to continue working on this. https://t.co/GDrqU22YpT,battery_power,,battery_power
2358662,"@AppleSupport Thanks for your prompt reply! It has iOS 11.1.1 When I play music, the speakers work. Seems to be only when I'm using the phone, even when I put it on speaker, it doesn't come out through the speaker",@681223 Let's give these steps a try next and let us know the outcome: https://t.co/4Kux8rhhGX,hardware_accessories,,ios_update_issues
302662,"@AppleSupport hi, are you able to make the app animation the same like ios10 I’m getting headaches from changing apps &amp; Dots for connection",@188219 We can offer some suggestions for animation. Disable Low Power Mode and see https://t.co/cJnvksGVxP then tell us if it helps.,ios_update_issues,,ios_update_issues
2004189,"@AppleSupport Why does my camera quality look worse all of a sudden? When I first got this phone 2 years ago it was nice, now it's 👎🏾",@592662 We're here to help. We want your camera to function as expected. Send us a DM with your device and iOS version to get started. https://t.co/GDrqU22YpT,hardware_accessories,,hardware_accessories
1252505,@AppleSupport hey guys my camera for my iPhone 7 Plus is not working since yesterday and I believe is a bug from the update 11.1.2! Already tried everything and the camera is still all black screen in both sides!! Help!,"@413816 Hey there! We'd be more than happy to look into this with you, just shoot us a DM and we'll take it from there. https://t.co/GDrqU22YpT",ios_update_issues,,hardware_accessories
910636,"@AppleSupport Is over charging a concern with Apple devices? If so, do these products really help? https://t.co/raNc0iKMce",@336287 That's a great question! You can learn more about charging and the batteries we use here: https://t.co/cKKGWSxTRk,battery_power,,battery_power
1420702,@AppleSupport is it normal that my order of the iPhone X says preparing for shipment? I am wondering because it should come tomorrow the 3rd,@450288 We'd love to help! Please reach out to our Apple Online Store Support team for assistance here: https://t.co/8yjRd1Xo0i,purchases_orders_refunds,,purchases_orders_refunds
2141648,@AppleSupport I’m using my laptop &amp; most of my purchase are no longer being showed in all my purchase or not on this device,@322330  We would love to help you. Please DM us so that we can look into this together. https://t.co/GDrqU22YpT,purchases_orders_refunds,,purchases_orders_refunds
856647,"@AppleSupport Of course , use the same cable . It’s original .","@323436 Just to clarify, it takes 2-3 hours to charge your iPhone to 100%, or just to get it to start charging?",hardware_accessories,,hardware_accessories
310250,@applesupport I need some help with my beats headphones. Can I take them into an apple store for an exchange if they stopped working,@190081 We can save you a trip! Please DM us to continue. https://t.co/GDrqU22YpT,hardware_accessories,,apps_services
953188,@AppleSupport @115858 on the next iOS update (11.1 or 11.04) can you remove the bug/annoying feature that keeps turning my WiFi on by itself,@346162 We'd love to help.  Here's a link that'll explain how Wi-Fi works with the new control center: https://t.co/G7BHuQnDS6 https://t.co/GDrqU22YpT,connectivity,,connectivity
2364574,@115858 why is it EVERY update slows my phone down more and more and drains my battery more and more 😡🤔 not happy Apple!,@682681 We don't want to see your iPhone struggling. Let's check and see what's going on. Do you notice the slowing down and battery concerns during anything more so than others? And do any steps you take temporarily remedy these issues? Let us know in DM. https://t.co/GDrqU22YpT,ios_update_issues,,battery_power
2169722,@AppleSupport I just bought the iPhone X and I am having an issue. Can you help?,@636479 We'd be happy to help. Send us a DM and we can start there. https://t.co/GDrqU22YpT,other_unclear,,hardware_accessories
2137224,How long until the @115858 and @12317 Bluetooth bug gets fixed? Tired of restarting my iPhone every day to reset working link. #ios11bug #inconvenient,@520539 We certainly want to help you with your Bluetooth connection. Let us know if this helps: https://t.co/JMbUWh4fsj,connectivity,,connectivity
1296837,"@AppleSupport I figured that. If I’m an Apple Music subscriber, is there a way I can purchase a single DRM-free song to use in a Photos slideshow?",@423103 Using iTunes Plus would make available songs that are DRM- Free. Follow the steps here: https://t.co/bkdNVKOsaw,purchases_orders_refunds,,photos_data
1641315,@115858 when are you gonna figure out this “type a capital letter eye” and get a question mark in a box issue?,@115984 Here’s what you can do to work around the issue until it’s fixed in a future software update: https://t.co/xXaXeeSRt9,keyboard_input,,keyboard_input
2925617,Dear @AppleSupport need help with Apple ID....again.,@549555 Let's look into this for you. What are you experiencing with your Apple ID? Let us know in DM. https://t.co/GDrqU22YpT,apple_id_account,,apple_id_account
2010249,@115858 fix this question mark shit.,@594433 We're glad to look into this with you. DM us using the link below and let us know what you're experiencing. https://t.co/GDrqU22YpT,keyboard_input,,keyboard_input
1892696,"@AppleSupport I got a strange email regarding my account, was wondering if you could verify it","@564337 We're glad to help! Please DM us all about it, including the sender's address, and we'll look into this with you. https://t.co/GDrqU22YpT",apple_id_account,,apple_id_account
2633082,@AppleSupport hi. Apple TV stuck in loop asking for password. Can you help?,@743457 We understand the importance of getting that fixed quickly! You can connect with our Apple TV Support here:  https://t.co/IBIY3vMgPj,apple_id_account,,apple_id_account
1028557,"@AppleSupport Overnight 11.0.3 wiped my photos from over 3,000 to &lt;200 then backed up to iCloud, wiping out 10 months of baby photos.",@363363 We want to help. Meet us in DM and we'll take a look at this together. https://t.co/GDrqU22YpT,photos_data,,photos_data
1064907,This is the lock screen on my iPhone. Where’s the clock n date gone? IOS 11.0.3  @AppleSupport https://t.co/fp8TXZikwS,@133186 Thanks for reaching out. Does restarting bring your date and time back?,ios_update_issues,,hardware_accessories
500098,@AppleSupport Please undo whatever stupid update you did to the keyboard Play/Pause button in High Sierra. It stops working for iTunes all the time and it’s so annoying.,@234455 Thank you for reaching out! We're always here to help. Which version of High Sierra is your computer running? Does it occur with multiple users on the computer?,keyboard_input,,ios_update_issues
2055332,"@116333 , disappointed with #iPhone8Plus. Phone status after upgrade to 11.0.1 for last 48 hours
Asked to visit service center ! https://t.co/5lChS5PRGB",@607854 We could look into this with you. Did you recover a backup onto this device or was it set up as new? DM us the answer. https://t.co/GDrqU22YpT,ios_update_issues,,ios_update_issues
2377167,"@AppleSupport is gunna kill me. I've been without contacts and apps for over two months, and the best answer i've got is ""I don't know... I'll call you back"" on repeat...",@685613 We'd like to take a further look at this with you. Please meet us in DM to proceed. https://t.co/GDrqU22YpT,apple_id_account,,photos_data
447427,@AppleSupport HOW DO I STOP MY PHONE FROM LOOKIJG FOR WIFI AND TURNING ON ITS SEARCHING ITS ALREADY WASTING MY BATTERY FAST ENLUGH STOP,@220976 We’d like to help you with that.  Which iOS version are you using?  Are you turning them off from the Control Center or from the settings?,connectivity,,connectivity
1342755,@AppleSupport my messages app keeps crashing on my iPhone 7 and won't allow me to send messages to certain contacts. Please help!,@433162 We're here to help! Send us a DM with the country that you are located in to continue. https://t.co/GDrqU22YpT,apps_services,,apps_services
331708,"@AppleSupport Data wheel endlessly spinning again with IOS update, time for yet another IPhone reboot 🙄",@194990 We can look into this with you. Which version of iOS 11 is your iPhone on currently? DM your response. https://t.co/GDrqU22YpT,ios_update_issues,,device_performance
23127,@AppleSupport can I get any help on here?? Or is this not a support account at all?,@121036 We're here to help. Can you provide us with more details regarding your issue?,other_unclear,,apple_id_account
1782881,@535669 @115858 All those things been off. The phone itself keeps crashing. Everything is slow and laggy. It’s the worst man,@535668 Thank you for reaching out to us. We want to look into this with you. DM us the exact iOS version you're running. https://t.co/GDrqU22YpT,device_performance,,device_performance
2779353,@AppleSupport Tried to update OS System on my Mac and it completely stopped my rebooting process... I had no problems before at all.,"@776320 Thank you for the additional details. Let's continue in DM. Send us a message, we'll follow up there. https://t.co/GDrqU22YpT",ios_update_issues,,device_performance
382421,@AppleSupport I️ tried that and I️t doesn’t work,@206659 We'd like to look into this further with you. Let's continue in DM together here: https://t.co/GDrqU22YpT,other_unclear,,apps_services
2309417,"@AppleSupport sign into iTunes keeps popping up, but when i sign in it says it couldn't connect. won't go away after hitting cancel.","@669824 Thanks for reaching out to us, we're here for you. What Apple device are you seeing this message on and which OS version is it currently running?",apps_services,,apps_services
975824,@AppleSupport since updating to iOS 11.0.2 my iPhone 6 Plus won’t stop freezing and crashing. Please fix this issue. It’s unbearable! #ios11,@283537 We want to get your iPhone working properly.  Please send us a DM so we can assist. https://t.co/GDrqU22YpT,ios_update_issues,,device_performance
2004019,@AppleSupport I️ type I️ and I️ get this bullshit ;,"@592598 We can certainly appreciate your concern. Shoot us a DM when you have a chance, and we'll take it from there. https://t.co/GDrqU22YpT",keyboard_input,,keyboard_input
2676864,@AppleSupport how long does it take for u ups to refund paypal from canceled order,"@405403 For best assistance with any orders, please reach out to our advisors here: https://t.co/8yjRd1Xo0i",purchases_orders_refunds,,purchases_orders_refunds
2727134,@AppleSupport why you keep turning my Bluetooth and WiFi on without my permission?,"@256274 We’d like to help. What device is this happening on, and what OS version is installed?",connectivity,,connectivity
2144063,AND WHY THE FUCK DOES MY LETTER “I️” KEEP TURNING INTO A FUCKING QUESTION MARK @115858,@630379 Here’s what you can do to work around the issue until it’s fixed in a future software update: https://t.co/xXaXeeSRt9,keyboard_input,,keyboard_input
54449,@AppleSupport why is photo booth freezing on high serria,@128327 We're here to help. Let's take this to DM so we can better assist you. https://t.co/GDrqU22YpT,apps_services,,device_performance
1475426,"Hey @115858 I️ def update my phone.....why do I️ still see a box, exclamation mark, and question mark whenever the letter I️ is used 🤔🤨🧐",@462518 We can offer some guidance. Meet us in DM and we'll continue from there. https://t.co/GDrqU22YpT,keyboard_input,,keyboard_input
961723,This IOS update is really pissiong me off with all this damn freezing! @115858 get yo shit together. @11999 hurry with the new phone!,"@348205 We want to help you. DM us, and we'll look into this. https://t.co/GDrqU2kzhr",ios_update_issues,,device_performance
2307946,"@115858 I recently created an @115948 account but I can’t access the music app, I have deleted it &amp; restarted my phone, yet nothing works","@669476 We want to help. To verify, what version of iOS do you have on your iPhone? You can verify in Settings&gt;General&gt;About. Also, what happens when you open the Music app? Do you get an error message or anything like that?",apps_services,,apps_services
1364807,@AppleSupport my iPhone 8plus keeps disconnecting from my Bluetooth speaker,"@437766 We'd like to help with this Bluetooth issue. Are there any other Bluetooth devices you use? If so, does the same happen?",connectivity,,connectivity
2476228,"Last week, someone at @AppleSupport almost blackmailed me into buying AppleCare+ for my iPhone X so I can get an ""immediate"" replacement. I gave in, bought it and two days later, I still have no idea when I'll get a replacement.",@475059 We'd like to look into this experience. Please DM us more details and we'll go from there. https://t.co/GDrqU22YpT,purchases_orders_refunds,,purchases_orders_refunds
2280974,"Fuck @115858. Updated my phone, and its been having all kinds of problems. Couldnt answer my calls, so I turned it on then off. Now its stuck on the apple screen.","@663052 We'd like to look into this with you, is the iPhone still stuck at the Apple logo? Please DM us more about what's happening. https://t.co/GDrqU22YpT",ios_update_issues,,hardware_accessories
1979738,"@AppleSupport Take a look at the playlist. How can you sort in right order to ear this opera in good sequence (Act 1 first, etc). Thanks. https://t.co/iMGlIgfgad","@149730 We want you to enjoy your music; we'll do all we can to help. To start, DM us what device and OS you're using. https://t.co/GDrqU22YpT",apps_services,,purchases_orders_refunds
1470708,"@AppleSupport Streaming, and yes it happens on WiFi and cellular,",@461368 Thanks. Which application are you using to stream videos or does it happen on multiple streaming apps?,apps_services,,connectivity
2435366,09/09/17 de servise verdigim ve 5s kalmadigi icin 5se  verecegiz deyip oyaladiginiz telefon ne zaman gelecek sayin @AppleSupport yetkileri,@698765 We offer support via Twitter in English. Contact us for help in your preferred language here: https://t.co/IBIY3vMgPj,purchases_orders_refunds,,apps_services
1391575,"@AppleSupport Hi, I want to know why I can't record the screen of my iPad with iOS 11",@443650 This is a great feature we want you to be able to use. Is the option not showing at all? Here's a guide: https://t.co/4LuYBB7Kns,ios_update_issues,,hardware_accessories
1762792,@AppleSupport my phone battery is draining so faster even after last update. Wtf is going on ? Pls help,@352911 We'd be happy to look into this with you. Can you give us some more details about what you've been experiencing?,battery_power,,battery_power
2845712,@AppleSupport have an iPod touch that I bought 10/6/2013 son doesn't remember email. How can I reactivate?,"@791531 We’d like to lend a hand. To clarify, has your son forgotten the email address used with his Apple ID?",apple_id_account,,apps_services
2631,"@AppleSupport iPhone 7+, iOS 11.1","@116338 Thank you very much! Send us a DM to let us know if your speaker doesn't work on calls, or if other apps are affected as well. https://t.co/GDrqU22YpT",other_unclear,,ios_update_issues
